Station,SID,Network,Distance_mi,Covered_years,Tmax_%,Tmin_%,Tmean_%,Precip_%,Keep
GUTHRIE 3.0 N,US1OKLG0008 6,GHCN,0.3,2008-2012,0,0,0,5,DROP
GUTHRIE 2.9 N,US1OKLG0011 6,GHCN,0.4,2012-2017,0,0,0,16,DROP
GUTHRIE 3.7 NNW,US1OKLG0006 6,GHCN,1.4,2007-2019,0,0,0,40,DROP
GUTHRIE MUNICIPAL AP,343818 2,COOP,2.0,1998-2020,75,75,75,75,DROP
GUTHRIE 4WSW MESONET,343820 2,COOP,3.7,2000-2020,40,40,40,40,DROP
GUTHRIE 4.3 ENE,US1OKLG0020 6,GHCN,4.0,2019-2020,0,0,0,6,DROP
GUTHRIE 1.9 S,US1OKLG0002 6,GHCN,4.6,2006-2017,0,0,0,33,DROP
GUTHRIE 5S,343821 2,COOP,4.7,1991-2015,78,77,77,80,DROP
GUTHRIE SCS,343830 2,COOP,5.5,  none ,0,0,0,0,DROP
GUTHRIE 5.8 W,US1OKLG0021 6,GHCN,6.5,2020-2020,0,0,0,3,DROP
GUTHRIE 9.4 NNW,US1OKLG0015 6,GHCN,6.8,2015-2020,0,0,0,3,DROP
GUTHRIE 4.9 SSE,US1OKLG0004 6,GHCN,7.5,2007-2013,0,0,0,20,DROP
GUTHRIE 6.7 SE,US1OKLG0016 6,GHCN,9.0,2015-2016,0,0,0,2,DROP
EDMOND 5.8 NNE,US1OKLG0010 6,GHCN,9.0,2011-2020,0,0,0,29,DROP
EDMOND 6.2 NNW,US1OKLG0014 6,GHCN,9.1,2014-2020,0,0,0,22,DROP
EDMOND 4.9 NNW,US1OKLG0005 6,GHCN,9.6,2007-2009,0,0,0,3,DROP
EDMOND 4.3 NNE,US1OKLG0003 6,GHCN,10.7,2007-2016,0,0,0,24,DROP
EDMOND 6.4 NW,US1OKLG0009 6,GHCN,11.0,2010-2020,0,0,0,11,DROP
ARCADIA 4.6 N,US1OKLG0022 6,GHCN,11.6,2019-2019,0,0,0,0,DROP
EDMOND 5.7 NW,US1OKOK0087 6,GHCN,11.7,2018-2020,0,0,0,8,DROP
MULHALL 1 SE,346110 2,COOP,11.9,2000-2020,0,0,0,66,DROP
EDMOND 2.6 WNW,US1OKOK0069 6,GHCN,13.0,2017-2020,0,0,0,5,DROP
CIMARRON CITY 4.0 WSW,US1OKLG0007 6,GHCN,13.6,2008-2012,0,0,0,10,DROP
EDMOND 8.0 WNW,US1OKOK0025 6,GHCN,13.8,2008-2016,0,0,0,22,DROP
MULHALL 5.4 W,US1OKLG0018 6,GHCN,14.2,  none ,0,0,0,0,DROP
EDMOND 1.6 W,US1OKOK0003 6,GHCN,14.3,2006-2014,0,0,0,25,DROP
CRESCENT 5WSW,342242 2,COOP,14.3,1991-2020,0,0,0,94,DROP
EDMOND 1.4 WSW,US1OKOK0076 6,GHCN,14.6,2017-2020,0,0,0,1,DROP
EDMOND 5.4 W,US1OKOK0075 6,GHCN,15.2,2017-2020,0,0,0,11,DROP
EDMOND 4.1 W,US1OKOK0077 6,GHCN,15.3,2017-2020,0,0,0,10,DROP
EDMOND 6.6 W,US1OKOK0031 6,GHCN,15.6,2009-2013,0,0,0,13,DROP
ARCADIA 3 WSW,340288 2,COOP,15.9,1993-2010,0,0,0,49,DROP
EDMOND 2.6 SW,US1OKOK0111 6,GHCN,16.0,2020-2020,0,0,0,2,DROP
LUTHER 6.0 N,US1OKLG0013 6,GHCN,16.1,2013-2020,0,0,0,5,DROP
DEER CREEK,342386 2,COOP,16.2,2000-2017,0,0,0,57,DROP
EDMOND 2.5 SW,US1OKOK0108 6,GHCN,16.2,2020-2020,0,0,0,0,DROP
EDMOND 7.2 W,US1OKOK0072 6,GHCN,16.8,2017-2018,0,0,0,3,DROP
EDMOND 1.9 SE,US1OKOK0017 6,GHCN,17.1,2008-2020,0,0,0,19,DROP
EDMOND 3.7 SW,US1OKOK0098 6,GHCN,17.2,2018-2020,0,0,0,7,DROP
EDMOND 8.6 W,US1OKOK0014 6,GHCN,17.2,2007-2010,0,0,0,4,DROP
COYLE 7N MESONET,342207 2,COOP,17.5,2000-2020,39,38,38,38,DROP
EDMOND 7.3 WSW,US1OKOK0060 6,GHCN,17.5,2014-2020,0,0,0,16,DROP
ORLANDO NEAR SCS #18,346761 2,COOP,17.7,  none ,0,0,0,0,DROP
JONES 5.0 N,US1OKOK0046 6,GHCN,18.2,2012-2018,0,0,0,16,DROP
EDMOND 5ESE,342788 2,COOP,18.5,1996-2020,0,0,0,79,DROP
PERKINS 6.9 WNW,US1OKPY0026 6,GHCN,18.5,  none ,0,0,0,0,DROP
EDMOND 7.8 WSW,US1OKOK0032 6,GHCN,18.7,2009-2011,0,0,0,2,DROP
EDMOND 5.4 SW,US1OKOK0129 6,GHCN,18.9,  none ,0,0,0,0,DROP
LUTHER 1.1 NW,US1OKOK0074 6,GHCN,19.1,2017-2019,0,0,0,4,DROP
EDMOND 7.4 WSW,US1OKOK0071 6,GHCN,19.2,2016-2020,0,0,0,12,DROP
PERKINS 5.2 SW,US1OKLN0013 6,GHCN,19.2,2018-2020,0,0,0,0,DROP
MARSHALL 3SSE MESONET,345590 2,COOP,19.3,2000-2020,40,40,40,40,DROP
LUTHER,345410 2,COOP,19.3,  none ,0,0,0,0,DROP
THE VILLAGE 5.3 NNW,US1OKOK0027 6,GHCN,19.6,2008-2012,0,0,0,12,DROP
OKLAHOMA CITY 9.4 NNE,US1OKOK0065 6,GHCN,20.0,2015-2018,0,0,0,12,DROP
ORLANDO 5E MESONET,346756 2,COOP,20.1,2002-2020,37,37,37,36,DROP
LUTHER 0.7 SW,US1OKOK0004 6,GHCN,20.1,2006-2013,0,0,0,5,DROP
ORLANDO 1 NNE,346760 2,COOP,20.1,  none ,0,0,0,0,DROP
PIEDMONT 4.8 E,US1OKOK0055 6,GHCN,20.3,2013-2020,0,0,0,3,DROP
PIEDMONT 6.1 ESE,US1OKOK0138 6,GHCN,21.0,  none ,0,0,0,0,DROP
STILLWATER 5.2 WSW,US1OKPY0021 6,GHCN,21.3,2019-2020,0,0,0,3,DROP
OKLAHOMA CITY 8.7 NNW,US1OKOK0042 6,GHCN,21.3,2012-2013,0,0,0,1,DROP
PERKINS 2.5 SW,US1OKPY0017 6,GHCN,21.4,2016-2018,0,0,0,4,DROP
MARSHALL,345589 2,COOP,21.9,1991-2020,0,0,0,100,DROP
BRITTON 2 E,341148 2,COOP,22.0,  none ,0,0,0,0,DROP
PIEDMONT 3 N,347068 2,COOP,22.2,1991-2009,0,0,0,63,DROP
OKLAHOMA CITY 10.5 NNW,US1OKOK0115 6,GHCN,22.2,  none ,0,0,0,0,DROP
LAKE HEFNER 2,344976 2,COOP,22.3,  none ,0,0,0,0,DROP
OKLAHOMA CITY 11.3 NW,US1OKOK0135 6,GHCN,22.4,  none ,0,0,0,0,DROP
PIEDMONT 3.2 ESE,US1OKCN0007 6,GHCN,22.4,2007-2014,0,0,0,22,DROP
PERKINS 2NNW MESONET,347002 2,COOP,22.6,2000-2020,40,40,40,39,DROP
PIEDMONT 1.5 NE,US1OKCN0012 6,GHCN,22.9,2013-2020,0,0,0,6,DROP
STILLWATER 3.5 SW,US1OKPY0020 6,GHCN,22.9,2019-2019,0,0,0,1,DROP
LAKE C BLACKWELL,344969 2,COOP,23.1,  none ,0,0,0,0,DROP
PERKINS,347003 2,COOP,23.2,1991-2019,0,0,0,89,DROP
JONES 0.9 SSW,US1OKOK0119 6,GHCN,23.5,  none ,0,0,0,0,DROP
SPENCER 3.0 NNE,US1OKOK0047 6,GHCN,23.6,2012-2016,0,0,0,11,DROP
SPENCER 2ENE MESONET,348390 2,COOP,23.7,2000-2020,40,40,40,40,DROP
PIEDMONT 1.5 WNW,US1OKCN0016 6,GHCN,24.0,2013-2020,0,0,0,7,DROP
OKLAHOMA CITY N DSPL,346664 2,COOP,24.0,  none ,0,0,0,0,DROP
WARR ACRES 2.3 N,US1OKOK0022 6,GHCN,24.5,2008-2012,0,0,0,4,DROP
STILLWATER 2 W,348501 2,COOP,24.7,1991-2020,63,62,62,98,DROP
OKLAHOMA CITY 6.7 NW,US1OKOK0070 6,GHCN,24.8,2017-2020,0,0,0,11,DROP
STILLWATER MESONET,348499 2,COOP,24.9,2000-2020,39,39,39,38,DROP
STILLWATER 2 W,348505 2,COOP,24.9,2002-2020,62,62,62,62,DROP
STILLWATER 5 WNW,348507 2,COOP,25.0,2002-2020,62,62,62,62,DROP
STILLWATER 2.7 SSE,US1OKPY0006 6,GHCN,25.3,2009-2018,0,0,0,26,DROP
YUKON 6.4 NE,US1OKCN0014 6,GHCN,25.4,2013-2014,0,0,0,2,DROP
OKLAHOMA CITY 3.8 NNW,US1OKOK0019 6,GHCN,25.5,2008-2020,0,0,0,36,DROP
PIEDMONT 4.4 S,US1OKCN0049 6,GHCN,25.6,2020-2020,0,0,0,1,DROP
OKLAHOMA CITY 6.2 NW,US1OKOK0105 6,GHCN,25.9,2019-2020,0,0,0,1,DROP
WILEY POST 1.6 NNW,US1OKOK0013 6,GHCN,26.0,2007-2010,0,0,0,2,DROP
PIEDMONT 3.8 S,US1OKCN0032 6,GHCN,26.1,2017-2020,0,0,0,12,DROP
OKLAHOMA CITY 6.1 NW,US1OKOK0083 6,GHCN,26.1,2018-2020,0,0,0,7,DROP
WARR ACRES 0.4 N,US1OKOK0018 6,GHCN,26.2,2008-2013,0,0,0,2,DROP
WILEY POST 2.0 NW,US1OKOK0095 6,GHCN,26.4,2018-2020,0,0,0,2,DROP
OKLAHOMA CITY WILEY POST AP,USW00003954 6,GHCN,26.5,1996-2020,80,80,80,76,DROP
OKLAHOMA CITY 3.2 NNW,US1OKOK0107 6,GHCN,26.6,2020-2020,0,0,0,2,DROP
STILLWATER 1.8 SE,US1OKPY0027 6,GHCN,26.6,  none ,0,0,0,0,DROP
WELLSTON 7.7 SSW,US1OKLN0014 6,GHCN,26.8,2019-2020,0,0,0,5,DROP
WARR ACRES 0.4 SSE,US1OKOK0029 6,GHCN,26.9,2008-2020,0,0,0,40,DROP
STILLWATER REGIONAL AP,348500 2,COOP,27.1,1996-2020,80,80,80,75,DROP
STILLWATER 0.9 NE,US1OKPY0030 6,GHCN,27.2,  none ,0,0,0,0,DROP
HENNESSEY 4 ESE,344055 2,COOP,27.3,1991-2013,69,70,69,71,DROP
MIDWEST CITY 1.6 NNW,US1OKOK0053 6,GHCN,27.5,2013-2014,0,0,0,2,DROP
WARR ACRES 1.4 SSE,US1OKOK0016 6,GHCN,27.6,2008-2010,0,0,0,4,DROP
OKLAHOMA CITY 1.7 NNW,US1OKOK0026 6,GHCN,27.7,2008-2017,0,0,0,5,DROP
DOVER 2 S,342599 2,COOP,27.8,2000-2017,0,0,0,25,DROP
OKLAHOMA CITY PENN AVENUE,346656 2,COOP,28.0,  none ,0,0,0,0,DROP
MIDWEST CITY 1.2 NE,US1OKOK0056 6,GHCN,28.0,2013-2020,0,0,0,14,DROP
OKLAHOMA CITY 3.6 WNW,US1OKOK0106 6,GHCN,28.1,2020-2020,0,0,0,2,DROP
STILLWATER 2.4 N,US1OKPY0025 6,GHCN,28.1,  none ,0,0,0,0,DROP
OKLAHOMA CITY 1.4 NW,US1OKOK0139 6,GHCN,28.2,  none ,0,0,0,0,DROP
KINGFISHER,344861 2,COOP,28.3,1991-2020,65,64,64,100,DROP
OKLAHOMA CITY 4.3 WNW,US1OKOK0066 6,GHCN,28.3,2015-2020,0,0,0,3,DROP
OKLAHOMA CITY 2.8 WNW,US1OKOK0113 6,GHCN,28.4,  none ,0,0,0,0,DROP
KINGFISHER (KINGFISHER CREEK),344862 2,COOP,28.4,2000-2013,0,0,0,0,DROP
OKLAHOMA CITY 0.6 NNW,US1OKOK0073 6,GHCN,28.4,2017-2020,0,0,0,7,DROP
STILLWATER 4.2 ESE,US1OKPY0031 6,GHCN,28.4,  none ,0,0,0,0,DROP
OKLAHOMA CITY EAST,346663 2,COOP,28.6,  none ,0,0,0,0,DROP
BETHANY 0.8 W,US1OKOK0001 6,GHCN,28.8,2006-2012,0,0,0,10,DROP
CHOCTAW 1.4 WSW,US1OKOK0048 6,GHCN,28.8,2013-2020,0,0,0,23,DROP
DEL CITY 0.9 NE,US1OKOK0117 6,GHCN,29.2,  none ,0,0,0,0,DROP
BETHANY 0.7 SSW,US1OKOK0005 6,GHCN,29.3,2006-2015,0,0,0,30,DROP
PERRY,347012 2,COOP,29.3,1991-2020,62,62,61,99,DROP
MIDWEST CITY 2.5 WSW,US1OKOK0103 6,GHCN,29.4,2019-2020,0,0,0,4,DROP
YUKON 2 NNE,349856 2,COOP,29.4,  none ,0,0,0,0,DROP
KINGFISHER 1W MESONET,344860 2,COOP,29.7,2000-2020,40,40,40,40,DROP
LAKE OVERHOLSER,344978 2,COOP,30.2,2000-2017,0,0,0,35,DROP
MEEKER 9.8 NW,US1OKLN0012 6,GHCN,30.7,2018-2020,0,0,0,2,DROP
TINKER FIELD,348855 2,COOP,30.9,  none ,0,0,0,0,DROP
KINGFISHER 7.0 NNW,US1OKKN0006 6,GHCN,31.1,2018-2020,0,0,0,1,DROP
YUKON HIGH SCHOOL 0.8 NE,US1OKCN0029 6,GHCN,31.1,2017-2019,0,0,0,5,DROP
RIPLEY 1.3 N,US1OKPY0033 6,GHCN,31.1,  none ,0,0,0,0,DROP
YUKON 2.7 ESE,US1OKCN0045 6,GHCN,31.2,2019-2020,0,0,0,2,DROP
YUKON 3.2 ESE,US1OKCN0027 6,GHCN,31.3,2016-2020,0,0,0,14,DROP
MEEKER 9.1 NW,US1OKLN0008 6,GHCN,31.3,2013-2020,0,0,0,25,DROP
DOVER 3.6 NW,US1OKKN0004 6,GHCN,31.4,2015-2020,0,0,0,16,DROP
OKLAHOMA CITY TINKER AFB,USW00013919 6,GHCN,32.0,  none ,0,0,0,0,DROP
OKLAHOMA CITY 9.5 ESE,US1OKOK0128 6,GHCN,32.1,  none ,0,0,0,0,DROP
OKARCHE,346620 2,COOP,32.3,2000-2020,5,5,5,64,DROP
CHOCTAW 3.8 S,US1OKOK0124 6,GHCN,32.4,  none ,0,0,0,0,DROP
YUKON 0.9 SSW,US1OKCN0048 6,GHCN,32.4,2020-2020,0,0,0,2,DROP
CHANDLER 4.6 NNE,US1OKLN0005 6,GHCN,32.5,2011-2020,0,0,0,32,DROP
CHANDLER 2.1 N,US1OKLN0010 6,GHCN,32.6,2016-2020,0,0,0,2,DROP
YUKON 3.9 SE,US1OKCN0024 6,GHCN,32.6,2015-2016,0,0,0,4,DROP
COVINGTON 1.8 N,US1OKGD0005 6,GHCN,32.6,2006-2010,0,0,0,11,DROP
YUKON 2.9 SSE,US1OKCN0013 6,GHCN,32.7,2013-2017,0,0,0,8,DROP
MEEKER 7.7 NW,US1OKLN0015 6,GHCN,32.7,  none ,0,0,0,0,DROP
CHANDLER,341684 2,COOP,32.8,1991-2020,62,62,60,98,DROP
YUKON 2.2 SSE,US1OKCN0031 6,GHCN,32.8,2017-2020,0,0,0,7,DROP
YUKON 2.8 SSE,US1OKCN0018 6,GHCN,32.9,2013-2016,0,0,0,11,DROP
CHANDLER 2,341688 2,COOP,33.2,  none ,0,0,0,0,DROP
YUKON 6.0 SE,US1OKCN0026 6,GHCN,33.4,2016-2017,0,0,0,3,DROP
OKLAHOMA CITY 5.0 S,US1OKOK0034 6,GHCN,33.6,2009-2012,0,0,0,1,DROP
HARRAH 3.8 S,US1OKOK0110 6,GHCN,33.7,2020-2020,0,0,0,2,DROP
YUKON 3.3 S,US1OKCN0025 6,GHCN,34.0,2015-2017,0,0,0,4,DROP
OKLAHOMA CITY,346659 2,COOP,34.1,1996-2020,0,0,0,81,DROP
GLENCOE 3.0 W,US1OKPY0009 6,GHCN,34.2,2011-2020,0,0,0,33,DROP
LUCIEN 6.6 N,US1OKNB0002 6,GHCN,34.3,2006-2014,0,0,0,15,DROP
GARBER 7.9 ESE,US1OKNB0004 6,GHCN,34.3,2006-2014,0,0,0,3,DROP
INGALLS 1N,344489 2,COOP,34.6,1991-2013,0,0,0,63,DROP
MIDWEST CITY 6.2 SSE,US1OKOK0109 6,GHCN,34.6,2020-2020,0,0,0,1,DROP
OKLAHOMA CITY 7.8 SE,US1OKCV0155 6,GHCN,34.7,2019-2020,0,0,0,4,DROP
OKLAHOMA CITY 6.5 SSW,US1OKOK0050 6,GHCN,35.2,2012-2014,0,0,0,1,DROP
OKLAHOMA CITY WILL ROGERS WORLD AP,346661 2,COOP,35.3,1991-2020,100,100,100,100,KEEP
MCLOUD 0.5 WNW,US1OKPT0023 6,GHCN,35.5,  none ,0,0,0,0,DROP
MORRISON 1WSW,346067 2,COOP,35.7,2009-2012,0,0,0,5,DROP
MCLOUD 0.5 WSW,US1OKPT0027 6,GHCN,35.9,  none ,0,0,0,0,DROP
MEEKER 5 W,345779 2,COOP,36.0,1991-2016,84,84,84,74,DROP
GLENCOE NEAR SCS #6,343558 2,COOP,36.1,  none ,0,0,0,0,DROP
RED ROCK 7SSE MESONET,347507 2,COOP,36.3,2000-2020,40,40,40,40,DROP
MORRISON,346065 2,COOP,36.6,2000-2007,0,0,0,22,DROP
EL RENO 1.0 SE,US1OKCN0019 6,GHCN,37.1,2013-2017,0,0,0,12,DROP
MOORE 0.9 N,US1OKCV0028 6,GHCN,37.2,2006-2020,0,0,0,4,DROP
MOORE 1.3 ENE,US1OKCV0053 6,GHCN,37.4,2008-2020,0,0,0,42,DROP
MOORE 4.0 WNW,US1OKCV0066 6,GHCN,37.4,2009-2012,0,0,0,1,DROP
EL RENO 1 N,342818 2,COOP,37.5,1991-2006,52,51,51,53,DROP
MUSTANG 0.7 ESE,US1OKCN0051 6,GHCN,37.6,  none ,0,0,0,0,DROP
MUSTANG 0.7 ESE,US1OKCN0056 6,GHCN,37.6,  none ,0,0,0,0,DROP
MUSTANG 0.2 SE,US1OKCN0001 6,GHCN,37.6,2006-2020,0,0,0,46,DROP
MOORE 0.5 NE,US1OKCV0043 6,GHCN,37.7,2007-2013,0,0,0,13,DROP
MOORE 3.6 WNW,US1OKCV0050 6,GHCN,37.7,1998-2020,0,0,0,42,DROP
MOORE 0.8 WNW,US1OKCV0174 6,GHCN,37.7,  none ,0,0,0,0,DROP
MUSTANG 2.1 WNW,US1OKCN0002 6,GHCN,37.8,2006-2015,0,0,0,28,DROP
GLENCOE 1.7 N,US1OKNB0007 6,GHCN,37.8,2008-2020,0,0,0,34,DROP
OKLAHOMA CITY 9.2 S,US1OKCV0149 6,GHCN,38.0,2019-2020,0,0,0,2,DROP
MOORE 0.1 SE,US1OKCV0112 6,GHCN,38.1,2014-2020,0,0,0,17,DROP
MUSTANG 1.6 W,US1OKCN0046 6,GHCN,38.3,2019-2019,0,0,0,1,DROP
WAUKOMIS,349391 2,COOP,38.5,  none ,0,0,0,0,DROP
NEWALLA 7.1 SW,US1OKCV0082 6,GHCN,38.6,2011-2020,0,0,0,14,DROP
GARBER,343448 2,COOP,39.3,  none ,0,0,0,0,DROP
GARBER 0.5 WSW,US1OKGD0015 6,GHCN,39.3,2018-2020,0,0,0,8,DROP
STELLA 6.3 W,US1OKCV0117 6,GHCN,39.6,2015-2020,0,0,0,13,DROP
OKLAHOMA CITY 10.9 S,US1OKCV0091 6,GHCN,39.7,2012-2020,0,0,0,27,DROP
BRECKINRIDGE 3SE MESONET,341083 2,COOP,39.8,2000-2020,40,40,40,39,DROP
NEWALLA 5.5 SSW,US1OKCV0176 6,GHCN,40.3,  none ,0,0,0,0,DROP
OKLAHOMA CITY 11.5 S,US1OKCV0120 6,GHCN,40.3,2015-2020,0,0,0,5,DROP
STELLA,348479 2,COOP,40.5,1991-2014,0,0,0,71,DROP
HALL PARK 8.7 ENE,US1OKCV0058 6,GHCN,40.6,2008-2011,0,0,0,2,DROP
NORMAN 8.3 NE,US1OKCV0113 6,GHCN,41.0,2014-2016,0,0,0,1,DROP
SHAWNEE 2.8 NNW,US1OKPT0012 6,GHCN,41.1,2013-2020,0,0,0,16,DROP
BILLINGS 4.1 SSE,US1OKNB0001 6,GHCN,41.2,2005-2020,0,0,0,51,DROP
ENID VANCE AFB,USW00013909 6,GHCN,41.7,  none ,0,0,0,0,DROP
ENID 2.6 SE,US1OKGD0022 6,GHCN,41.7,  none ,0,0,0,0,DROP
NEWCASTLE 3.9 NNW,US1OKMC0013 6,GHCN,41.8,2017-2020,0,0,0,13,DROP
RED ROCK,347505 2,COOP,42.5,1991-2013,0,0,0,60,DROP
TUTTLE 1.7 ENE,US1OKGY0018 6,GHCN,42.9,  none ,0,0,0,0,DROP
TUTTLE 4.4 E,US1OKGY0006 6,GHCN,43.1,2013-2020,0,0,0,23,DROP
ENID 1.3 E,US1OKGD0010 6,GHCN,43.4,2010-2013,0,0,0,9,DROP
UNION CITY 3 SE,349086 2,COOP,43.9,1991-2017,0,0,0,88,DROP
SHAWNEE 0.8 ESE,US1OKPT0001 6,GHCN,44.4,2006-2010,0,0,0,14,DROP
SHAWNEE 1.9 ENE,US1OKPT0006 6,GHCN,44.5,2009-2011,0,0,0,5,DROP
SHAWNEE 3NNW MESONET,348124 2,COOP,44.5,2000-2020,40,40,40,40,DROP
ENID,342912 2,COOP,45.0,1991-2020,98,98,97,100,KEEP
ENID 3.1 WSW,US1OKGD0011 6,GHCN,45.1,2010-2017,0,0,0,9,DROP
SHAWNEE NAS,93911 1,WBAN,45.3,2001-2019,15,15,15,14,DROP
SHAWNEE,348110 2,COOP,46.0,1991-2020,0,0,0,100,DROP
SHAWNEE 3.0 E,US1OKPT0015 6,GHCN,46.0,2014-2017,0,0,0,11,DROP
SHAWNEE 3.0 E,US1OKPT0025 6,GHCN,46.0,  none ,0,0,0,0,DROP
ENID 3.3 W,US1OKGD0009 6,GHCN,46.4,2010-2018,0,0,0,25,DROP
ENID 3.3 W,US1OKGD0021 6,GHCN,46.5,  none ,0,0,0,0,DROP
ENID 2.9 WNW,US1OKGD0023 6,GHCN,46.5,  none ,0,0,0,0,DROP
ENID 3.6 WNW,US1OKGD0007 6,GHCN,47.1,2009-2020,0,0,0,38,DROP
ENID 4.1 NW,US1OKGD0020 6,GHCN,48.2,2020-2020,0,0,0,2,DROP
MINCO 0.3 ENE,US1OKGY0004 6,GHCN,48.6,2012-2015,0,0,0,9,DROP
